,support,itemsets
0,0.26666666666666666,frozenset({0})
1,0.2222222222222222,frozenset({1})
2,0.4666666666666667,frozenset({2})
3,0.4222222222222222,frozenset({3})
4,0.4,frozenset({4})
5,0.35555555555555557,frozenset({6})
6,0.2,frozenset({12})
7,0.28888888888888886,frozenset({13})
8,0.2222222222222222,"frozenset({2, 3})"
9,0.2,"frozenset({2, 4})"
10,0.35555555555555557,"frozenset({4, 6})"
